StartDate,EndDate,Status,IPAddress,Progress,Duration (in seconds),Finished,RecordedDate,ResponseId,RecipientLastName,RecipientFirstName,RecipientEmail,ExternalReference,LocationLatitude,LocationLongitude,DistributionChannel,UserLanguage,Q113,Q2,Q5,Q6,Q1,Q26,Q62,Q63,Q64,Q65,Q24_1,Q66,Q67,Q68,Q69,Q70,Q71,Q189,Q191,Q195_First Click,Q195_Last Click,Q195_Page Submit,Q195_Click Count,Q193,Q195_First Click,Q195_Last Click,Q195_Page Submit,Q195_Click Count,Q287,Q482,Q483,Q484,Q149,Q150,Q151,Q152,Q153,Q154,Q155,Q197_First Click,Q197_Last Click,Q197_Page Submit,Q197_Click Count,Q156,Q157,Q158,Q159,Q160,Q161,Q162,Q163,Q164,Q165,Q198_First Click,Q198_Last Click,Q198_Page Submit,Q198_Click Count,Q166,Q167,Q168,Q169,Q170,Q171,Q172,Q173,Q174,Q175,Q199_First Click,Q199_Last Click,Q199_Page Submit,Q199_Click Count,Q176,Q177,Q178,Q179,Q180,Q181,Q182,Q183,Q184,Q185,Q200_First Click,Q200_Last Click,Q200_Page Submit,Q200_Click Count,Q206_1,Q17_Browser,Q17_Version,Q17_Operating System,Q17_Resolution,type
Start Date,End Date,Response Type,IP Address,Progress,Duration (in seconds),Finished,Recorded Date,Response ID,Recipient Last Name,Recipient First Name,Recipient Email,External Data Reference,Location Latitude,Location Longitude,Distribution Channel,User Language,Please verify that you have read and understand this form by entering your Mechanical Turk ID below. Do NOT provide any identifying information.,Gender,Handedness,What is your highest level of education:,How old are you?,To what ethnic group do you belong? Please select all that apply.,Are you retired?,"If yes, how long have you been retired?",How would you rate your health at the present time?,How much do health problems limit your daily activities?,"Some people report that they feel younger or older than their actual age. Using the scale below, move the slider to estimate how old you GENERALLY feel. - How old do you GENERALLY feel?",Have you been diagnosed or required any medical treatment within the past TWO MONTHS for any of the following?,"Have you ever experienced brain injury? If so, please explain:",Do you wear glasses or corrective lenses?,Approximately when was your last eye exam?,Are you colorblind?,Are you a native English speaker (began speaking English before the age of 7)?,"You are about to study 30 items. Out of those 30 items, how many do you think you will be able to remember. Please enter a number in the box below:",How confident are you in the prediction you made above?,Timing - First Click,Timing - Last Click,Timing - Page Submit,Timing - Click Count,Write as many words as you can recall,Timing - First Click,Timing - Last Click,Timing - Page Submit,Timing - Click Count,"You are about to take a 40 question vocabulary test. Out of those 40 items, how many questions do you think you will answer correctly. Enter a number between 0 and 40 below.",1.) TALK,2.) PERMIT,3.) PARDON,4.) COUCH,5.) REMEMBER,6.) TUMBLE,7.) HIDEOUS,8.) CORDIAL,9.) EVIDENT,10.) IMPOSTOR,Timing - First Click,Timing - Last Click,Timing - Page Submit,Timing - Click Count,11.) MERIT,12.) FASCINATE,13.) INDICATE,14.) IGNORANT,15.) FORTIFY,16.) RENOWN,17.) NARRATE,18.) MASSIVE,19.) HILARITY,20.) SMIRCHED,Timing - First Click,Timing - Last Click,Timing - Page Submit,Timing - Click Count,21.) SQUANDER,22.) CAPTION,23.) FACILITATE,24.) JOCOSE,25.) APPRISE,26.) RUE,27.) DENIZEN,28.) DIVEST,29.) AMULET,30.) INEXORABLE,Timing - First Click,Timing - Last Click,Timing - Page Submit,Timing - Click Count,31.) SERRATED,32.) LISSOM,33.) MOLLIFY,34.) PLAGIARIZE,35.) ORIFICE,36.) QUERULOUS,37.) PARIAH,38.) ABET,39.) TEMERITY,40.) PRISTINE,Timing - First Click,Timing - Last Click,Timing - Page Submit,Timing - Click Count,"Using the slider below, please indicate how old do you feel RIGHT NOW. - How old do you feel RIGHT NOW?",Browser Meta Info - Browser,Browser Meta Info - Version,Browser Meta Info - Operating System,Browser Meta Info - Resolution,
"{""ImportId"":""startDate"",""timeZone"":""America/Denver""}","{""ImportId"":""endDate"",""timeZone"":""America/Denver""}","{""ImportId"":""status""}","{""ImportId"":""ipAddress""}","{""ImportId"":""progress""}","{""ImportId"":""duration""}","{""ImportId"":""finished""}","{""ImportId"":""recordedDate"",""timeZone"":""America/Denver""}","{""ImportId"":""_recordId""}","{""ImportId"":""recipientLastName""}","{""ImportId"":""recipientFirstName""}","{""ImportId"":""recipientEmail""}","{""ImportId"":""externalDataReference""}","{""ImportId"":""locationLatitude""}","{""ImportId"":""locationLongitude""}","{""ImportId"":""distributionChannel""}","{""ImportId"":""userLanguage""}","{""ImportId"":""QID112_TEXT""}","{""ImportId"":""QID2""}","{""ImportId"":""QID5""}","{""ImportId"":""QID6""}","{""ImportId"":""QID1_TEXT""}","{""ImportId"":""QID26""}","{""ImportId"":""QID62""}","{""ImportId"":""QID63_TEXT""}","{""ImportId"":""QID64""}","{""ImportId"":""QID65""}","{""ImportId"":""QID24_1""}","{""ImportId"":""QID66""}","{""ImportId"":""QID67_TEXT""}","{""ImportId"":""QID68""}","{""ImportId"":""QID69_TEXT""}","{""ImportId"":""QID70""}","{""ImportId"":""QID71""}","{""ImportId"":""QID188_TEXT""}","{""ImportId"":""QID189""}","{""ImportId"":""QID191_FIRST_CLICK""}","{""ImportId"":""QID191_LAST_CLICK""}","{""ImportId"":""QID191_PAGE_SUBMIT""}","{""ImportId"":""QID191_CLICK_COUNT""}","{""ImportId"":""QID192_TEXT""}","{""ImportId"":""QID193_FIRST_CLICK""}","{""ImportId"":""QID193_LAST_CLICK""}","{""ImportId"":""QID193_PAGE_SUBMIT""}","{""ImportId"":""QID193_CLICK_COUNT""}","{""ImportId"":""QID415_TEXT""}","{""ImportId"":""QID617""}","{""ImportId"":""QID618""}","{""ImportId"":""QID619""}","{""ImportId"":""QID149""}","{""ImportId"":""QID150""}","{""ImportId"":""QID151""}","{""ImportId"":""QID152""}","{""ImportId"":""QID153""}","{""ImportId"":""QID154""}","{""ImportId"":""QID155""}","{""ImportId"":""QID197_FIRST_CLICK""}","{""ImportId"":""QID197_LAST_CLICK""}","{""ImportId"":""QID197_PAGE_SUBMIT""}","{""ImportId"":""QID197_CLICK_COUNT""}","{""ImportId"":""QID156""}","{""ImportId"":""QID157""}","{""ImportId"":""QID158""}","{""ImportId"":""QID159""}","{""ImportId"":""QID160""}","{""ImportId"":""QID161""}","{""ImportId"":""QID162""}","{""ImportId"":""QID163""}","{""ImportId"":""QID164""}","{""ImportId"":""QID165""}","{""ImportId"":""QID198_FIRST_CLICK""}","{""ImportId"":""QID198_LAST_CLICK""}","{""ImportId"":""QID198_PAGE_SUBMIT""}","{""ImportId"":""QID198_CLICK_COUNT""}","{""ImportId"":""QID166""}","{""ImportId"":""QID167""}","{""ImportId"":""QID168""}","{""ImportId"":""QID169""}","{""ImportId"":""QID170""}","{""ImportId"":""QID171""}","{""ImportId"":""QID172""}","{""ImportId"":""QID173""}","{""ImportId"":""QID174""}","{""ImportId"":""QID175""}","{""ImportId"":""QID199_FIRST_CLICK""}","{""ImportId"":""QID199_LAST_CLICK""}","{""ImportId"":""QID199_PAGE_SUBMIT""}","{""ImportId"":""QID199_CLICK_COUNT""}","{""ImportId"":""QID176""}","{""ImportId"":""QID177""}","{""ImportId"":""QID178""}","{""ImportId"":""QID179""}","{""ImportId"":""QID180""}","{""ImportId"":""QID181""}","{""ImportId"":""QID182""}","{""ImportId"":""QID183""}","{""ImportId"":""QID184""}","{""ImportId"":""QID185""}","{""ImportId"":""QID200_FIRST_CLICK""}","{""ImportId"":""QID200_LAST_CLICK""}","{""ImportId"":""QID200_PAGE_SUBMIT""}","{""ImportId"":""QID200_CLICK_COUNT""}","{""ImportId"":""QID206_1""}","{""ImportId"":""QID17_BROWSER""}","{""ImportId"":""QID17_VERSION""}","{""ImportId"":""QID17_OS""}","{""ImportId"":""QID17_RESOLUTION""}",
12/2/17 17:33,12/2/17 17:41,Survey Preview,,100,483,TRUE,12/2/17 17:41,na,,,,,na,na,preview,EN,1,Female,Right,BA/BS (16 years),58,Caucasian/White,No,,Fair,Some,72,,no,Yes,2 years ago,No,Yes,15,Medium confidence,0,0,120.007,0,doctor drum flute wrench soda hammer magnolia nail lawyer coffee rose professor mountain,1.435,76.106,97.46,3,,,,,,,,,,,,,,,,,,,,,,,,,,,,,,,,,,,,,,,,,,,,,,,,,,,,,,,,,,93,Chrome,na,Macintosh,1920x1080,Memory_Test
12/2/17 17:59,12/2/17 18:06,Survey Preview,,100,442,TRUE,12/2/17 18:06,na,,,,,na,na,preview,EN,2,Female,Right,BA/BS (16 years),58,Caucasian/White,No,,OK,Little,37,,,Yes,2013,No,Yes,15,Medium confidence,47.69,47.69,120.012,1,doctor lawyer professor dentist accountant lily rose tulip daffodil wrench pliers hammer nail bolts coffee tea juice soda ocean canyon trumpet flute bells tuba,3.414,94.517,98.382,3,,,,,,,,,,,,,,,,,,,,,,,,,,,,,,,,,,,,,,,,,,,,,,,,,,,,,,,,,,48,Chrome,na,Windows NT 10.0,1366x768,Memory_Test
12/2/17 18:22,12/2/17 18:29,Survey Preview,,100,417,TRUE,12/2/17 18:29,na,,,,,na,na,preview,EN,3,Male,Left,some college (12 - 16 years),62,Caucasian/White,Yes,5 years,Good,Not at all,64,"High-blood pressure,Anxiety,Depression",No,Yes,9 months ago,No,Yes,,,,,,,,,,,,30,speak,allow,forgive,sofa,recall,fall,dreadful,hearty,obvious,pretender,2.683,41.03,44.522,10,deserve,enchant,signify,uninformed,strengthen,fame,tell,large,laughter,soiled,6.017,33.448,35.554,10,waste,heading,help,plain,inform,lament,inhabitant,dispossess,charm,involatile,5.068,42.194,46.187,10,notched,supple,mitigate,appropriate,hole,curious,outcast,incite,timidity,first,4.475,58.122,61.291,10,56,Chrome,na,Macintosh,1440x900,Vocabulary_Test
12/2/17 18:27,12/2/17 18:39,Survey Preview,,100,736,TRUE,12/2/17 18:39,na,,,,,na,na,preview,EN,4,Male,Right,BA/BS (16 years),60,Caucasian/White,No,,OK,Some,50,,,Yes,"12 years (DMV 3 years, for eye test to renew Drivers License)",No,Yes,,,,,,,,,,,,35,speak,allow,forgive,sofa,recall,fall,dreadful,hearty,obvious,pretender,5.627,58.251,59.626,21,deserve,enchant,signify,uninformed,strengthen,fame,tell,large,laughter,soiled,2.933,48.108,50.598,22,waste,heading,help,plain,inform,lament,senator,dispossess,charm,sparse,4.323,119.023,120.007,24,notched,supple,mitigate,revoke,hole,curious,outcast,placate,desire,first,7.82,102.98,106.355,26,51,Chrome,na,Windows NT 6.1,1376x860,Vocabulary_Test
12/2/17 19:28,12/2/17 19:34,Survey Preview,,100,386,TRUE,12/2/17 19:34,na,,,,,na,na,preview,EN,5,Male,Both,some college (12 - 16 years),64,Caucasian/White,No,0,Excellent,Little,51,Other,no,Yes,9 m0nths,No,Yes,12,Medium confidence,84.934,113.257,121.043,30,doctor lawyer accountant flute tuba drum mountain ocean hammer nails wrench glacier canyon ,7.038,7.038,134.47,1,,,,,,,,,,,,,,,,,,,,,,,,,,,,,,,,,,,,,,,,,,,,,,,,,,,,,,,,,,69,Chrome,na,Windows NT 10.0,1280x1024,Memory_Test
12/8/17 10:33,12/8/17 10:42,Survey Preview,,100,511,TRUE,12/8/17 10:42,na,,,,,na,na,preview,EN,6,Female,Right,HS diploma/GED (12 years),60,Caucasian/White,No,,Good,Little,55,High-blood pressure,no,Yes,1 year,No,Yes,,,,,,,,,,,,40,speak,allow,forgive,sofa,recall,fall,dreadful,hearty,obvious,pretender,2.703,41.849,48.061,10,deserve,enchant,signify,uninformed,strengthen,fame,tell,large,laughter,soiled,6.055,40.256,44.095,10,waste,heading,help,humorous,inform,lament,inhabitant,pledge,charm,rigid,3.777,78.533,82.857,10,notched,supple,pertain,revoke,hole,maniacal,outcast,ensue,rashness,sound,2.864,70.879,75.099,11,53,Chrome,na,Macintosh,1344x840,Vocabulary_Test
12/8/17 10:40,12/8/17 10:47,Survey Preview,,100,469,TRUE,12/8/17 10:47,na,,,,,na,na,preview,EN,7,Male,Right,BA/BS (16 years),61,Caucasian/White,No,,OK,Little,50,"High-blood pressure,Depression,Other",,No,1 year ago,No,Yes,8,Medium confidence,97.755,100.016,120.009,2,"lad comglawyer, accountant, doctor, canyon, ocean, mountain, glacier, pliers, juice, tuba, bolts",2.403,2.403,61.744,1,,,,,,,,,,,,,,,,,,,,,,,,,,,,,,,,,,,,,,,,,,,,,,,,,,,,,,,,,,47,Chrome,na,Windows NT 10.0,1366x768,Memory_Test
12/8/17 10:42,12/8/17 10:48,Survey Preview,,100,327,TRUE,12/8/17 10:48,na,,,,,na,na,preview,EN,8,Female,Right,Master's (18-19 years),59,Caucasian/White,No,,Excellent,Little,56,,"No, I have not",No,4 months ago,No,Yes,10,Medium confidence,7.019,40.751,121.884,4,"doctortrumpetwrenchjuicedessertbells lawyermountainglacierflutepliers lemonadeaccountant tulip rose",1.382,83.496,87.878,10,,,,,,,,,,,,,,,,,,,,,,,,,,,,,,,,,,,,,,,,,,,,,,,,,,,,,,,,,,60,Chrome,na,Windows NT 10.0,1500x1000,Memory_Test
12/8/17 10:46,12/8/17 10:51,Survey Preview,,100,294,TRUE,12/8/17 10:51,na,,,,,na,na,preview,EN,9,Male,Both,BA/BS (16 years),68,Caucasian/White,Yes,2,Excellent,Little,54,,no,Yes,1 year ago,No,Yes,,,,,,,,,,,,35,speak,allow,forgive,sofa,recall,fall,dreadful,hearty,obvious,pretender,1.535,26.858,28.89,10,deserve,enchant,signify,uninformed,strengthen,fame,tell,large,laughter,soiled,2.131,25.844,28.014,10,waste,heading,help,humorous,inform,lament,inhabitant,dispossess,charm,rigid,3.547,36.758,38.155,10,notched,supple,mitigate,appropriate,hole,complaining,outcast,placate,timidity,sound,1.973,50.141,52.926,10,42,Firefox,na,Windows NT 6.1,1680x1050,Vocabulary_Test
12/8/17 10:51,12/8/17 10:58,Survey Preview,,100,449,TRUE,12/8/17 10:58,na,,,,,na,na,preview,EN,10,Female,Right,some college (12 - 16 years),55,Asian or Pacific Islander,No,,Good,Not at all,30,,,Yes,2 years ago,No,Yes,15,Medium confidence,91.129,98.576,120.012,2,tulip drum flute coffee dentist lily pliers tuba juice lemonade soda tea bells trumpet doctor canyon ,1.027,81.947,102.032,3,,,,,,,,,,,,,,,,,,,,,,,,,,,,,,,,,,,,,,,,,,,,,,,,,,,,,,,,,,44,Chrome,na,Windows NT 10.0,1536x864,Memory_Test
12/8/17 10:57,12/8/17 11:04,Survey Preview,,100,435,TRUE,12/8/17 11:04,na,,,,,na,na,preview,EN,11,Male,Left,BA/BS (16 years),60,Caucasian/White,No,,Good,Not at all,61,,No,Yes,2 years,No,Yes,10,Low confidence,7.022,112.434,120.006,54,"trumpet, tuba, lily, rose, pliers, bolt, professor, lemonade, glacier, ",1.294,100.552,101.727,5,,,,,,,,,,,,,,,,,,,,,,,,,,,,,,,,,,,,,,,,,,,,,,,,,,,,,,,,,,60,Firefox,na,Windows NT 10.0,1920x1080,Memory_Test
12/8/17 11:02,12/8/17 11:08,Survey Preview,,100,358,TRUE,12/8/17 11:08,na,,,,,na,na,preview,EN,12,Female,Right,some college (12 - 16 years),59,Caucasian/White,No,,Good,Not at all,24,,,Yes,1 yr,No,Yes,,,,,,,,,,,,38,speak,allow,forgive,sofa,recall,fall,dreadful,hearty,obvious,pretender,2.48,52,62.621,10,deserve,enchant,signify,uninformed,strengthen,fame,tell,large,laughter,stolen,4.756,30.807,34.559,10,waste,heading,help,humorous,inform,lament,inhabitant,dispossess,charm,rigid,2.883,45.503,46.051,11,notched,supple,mitigate,appropriate,hole,complaining,priest,ensue,desire,first,2.941,46.695,51.056,11,52,Edge,na,Windows NT 10.0,1344x840,Vocabulary_Test
12/8/17 11:01,12/8/17 11:10,Survey Preview,,100,531,TRUE,12/8/17 11:10,na,,,,,na,na,preview,EN,13,Male,Right,BA/BS (16 years),74,Caucasian/White,Yes,8 years,Excellent,Not at all,25,,no,No,never,No,Yes,,,,,,,,,,,,35,speak,allow,forgive,sofa,recall,fall,dreadful,hearty,obvious,pretender,2.387,56.466,65.601,11,deserve,enchant,signify,uninformed,strengthen,fame,tell,large,laughter,soiled,5.588,47.085,51.559,10,waste,heading,help,humorous,inform,lament,inhabitant,dispossess,charm,rigid,3.934,53.385,56.288,10,notched,supple,mitigate,appropriate,hole,complaining,outcast,incite,rashness,sound,3.7,80.41,83.908,12,21,Firefox,na,Windows NT 6.1,1366x768,Vocabulary_Test
12/8/17 11:03,12/8/17 11:15,Survey Preview,,100,722,TRUE,12/8/17 11:15,na,,,,,na,na,preview,EN,14,Male,Right,some college (12 - 16 years),62,Black,No,,Good,Little,49,,No,Yes,2-Jul-17,No,Yes,15,Medium confidence,0,0,120.007,0," Lily,  coffee,  professor,  mountain,  tulip, tea,   dentist,  lawyer,  drum,  soda,  hammer,  juice,  bolts,  desert,  canyon,  bells, lemonade",9.858,59.904,278.17,3,,,,,,,,,,,,,,,,,,,,,,,,,,,,,,,,,,,,,,,,,,,,,,,,,,,,,,,,,,57,Chrome,na,Windows NT 10.0,1600x900,Memory_Test
12/8/17 11:35,12/8/17 11:44,Survey Preview,,100,497,TRUE,12/8/17 11:44,na,,,,,na,na,preview,EN,15,Male,Right,BA/BS (16 years),61,Hispanic,No,,Excellent,Not at all,46,Other,no,Yes,18 months ago,No,Yes,,,,,,,,,,,,40,speak,allow,forgive,sofa,recall,fall,dreadful,hearty,obvious,pretender,1.83,21.623,27.966,10,deserve,enchant,signify,uninformed,strengthen,fame,tell,large,laughter,soiled,1.436,28.404,30.521,10,waste,heading,help,humorous,inform,lament,inhabitant,dispossess,charm,rigid,3.164,34.852,37.749,10,notched,supple,mitigate,appropriate,hole,curious,outcast,placate,timidity,sound,2.702,41.203,44.332,10,49,Chrome,na,Windows NT 10.0,1920x1080,Vocabulary_Test
12/8/17 11:45,12/8/17 11:50,Survey Preview,,100,307,TRUE,12/8/17 11:50,na,,,,,na,na,preview,EN,16,Male,Right,some college (12 - 16 years),59,Caucasian/White,No,,Good,Not at all,37,Other,no,Yes,1 year,No,Yes,,,,,,,,,,,,40,speak,allow,forgive,sofa,recall,fall,dreadful,hearty,obvious,pretender,1.99,28.268,33.449,10,deserve,enchant,signify,uninformed,strengthen,fame,tell,large,laughter,soiled,3.03,35.19,37.552,11,waste,heading,help,humorous,inform,lament,inhabitant,dispossess,charm,rigid,2.445,35.411,38.358,10,notched,loose,mitigate,appropriate,hole,complaining,outcast,placate,rashness,sound,2.211,37.112,39.455,10,48,Firefox,na,Windows NT 6.0,1536x864,Vocabulary_Test
12/8/17 11:43,12/8/17 11:52,Survey Preview,,100,593,TRUE,12/8/17 11:52,na,,,,,na,na,preview,EN,17,Female,Right,HS diploma/GED (12 years),60,Caucasian/White,No,,Good,Not at all,53,,,Yes,6 months,No,Yes,15,Medium confidence,0,0,120.009,0,"lily, drum, soda, hammer, rose, coffee, tea, nail, dentist, bells, bolts, tuba. ocean, juice, flute, trumpet",5.958,5.958,204.02,1,,,,,,,,,,,,,,,,,,,,,,,,,,,,,,,,,,,,,,,,,,,,,,,,,,,,,,,,,,52,Chrome,na,Windows NT 10.0,1366x768,Memory_Test
12/8/17 11:44,12/8/17 11:54,Survey Preview,,100,564,TRUE,12/8/17 11:54,na,,,,,na,na,preview,EN,18,Male,Left,BA/BS (16 years),65,Caucasian/White,Yes,5 years,OK,Little,56,Heart disease,No.,Yes,6 years,No,Yes,10,Medium confidence,15.195,113.686,120.007,5,"rose, tulip, magnolia, lawyer,professor, dentist , doctor, hammer, tea, juice, mountain, soda, dessert, coffee",8.017,154.785,160.903,2,,,,,,,,,,,,,,,,,,,,,,,,,,,,,,,,,,,,,,,,,,,,,,,,,,,,,,,,,,74,Chrome,na,Windows NT 10.0,1024x768,Memory_Test
12/8/17 11:46,12/8/17 11:54,Survey Preview,,100,455,TRUE,12/8/17 11:54,na,,,,,na,na,preview,EN,19,Female,Right,some college (12 - 16 years),59,Caucasian/White,No,,Excellent,Not at all,41,,,Yes,2016,No,Yes,,,,,,,,,,,,25,speak,allow,forgive,sofa,recall,fall,dreadful,leafy,obvious,pretender,2.853,71.144,77.445,11,deserve,enchant,signify,uninformed,strengthen,fame,tell,large,laughter,soiled,2.412,31.913,35.249,10,waste,heading,help,paltry,inform,lament,inhabitant,dispossess,charm,rigid,4.225,55.375,58.294,14,notched,supple,mitigate,appropriate,hole,complaining,outcast,ensue,rashness,first,2.276,59.643,62.479,11,31,Firefox,na,Windows NT 10.0,1366x768,Vocabulary_Test
12/8/17 11:59,12/8/17 12:05,Survey Preview,,100,347,TRUE,12/8/17 12:05,na,,,,,na,na,preview,EN,20,Female,Right,HS diploma/GED (12 years),56,Caucasian/White,No,N/A,Good,Not at all,60,,N/A,No,1 year ago,No,Yes,,,,,,,,,,,,30,speak,allow,forgive,sofa,recall,fall,dreadful,hearty,obvious,pretender,4.117,33.815,38.716,20,deserve,enchant,signify,uninformed,strengthen,fame,tell,large,laughter,soiled,2.674,34.038,35.128,20,waste,heading,help,humorous,inform,lament,inhabitant,dispossess,charm,involatile,1.94,45.769,47.036,20,notched,convex,mitigate,revoke,hole,curious,outcast,placate,rashness,sound,4.101,57.623,58.533,21,62,Chrome,na,Windows NT 6.1,1366x768,Vocabulary_Test
12/8/17 12:18,12/8/17 12:24,Survey Preview,,100,375,TRUE,12/8/17 12:24,na,,,,,na,na,preview,EN,21,Female,Right,some college (12 - 16 years),55,Caucasian/White,No,,Good,Some,81,"Anxiety,Depression",no,No,5 months ago,No,Yes,15,High confidence,29.53,95.625,120.007,251,kind,41.314,41.314,51.413,1,,,,,,,,,,,,,,,,,,,,,,,,,,,,,,,,,,,,,,,,,,,,,,,,,,,,,,,,,,82,Chrome,na,Windows NT 10.0,1280x720,Memory_Test
12/8/17 12:17,12/8/17 12:24,Survey Preview,,100,471,TRUE,12/8/17 12:24,na,,,,,na,na,preview,EN,22,Female,Right,some college (12 - 16 years),55,Caucasian/White,No,,Fair,Some,78,,No,Yes,Do not recall,No,Yes,,,,,,,,,,,,39,speak,allow,forgive,sofa,recall,fall,dreadful,hearty,obvious,pretender,2.51,52.429,59.165,10,deserve,enchant,signify,uninformed,strengthen,fame,tell,large,laughter,soiled,3.239,35.963,42.306,10,waste,heading,help,humorous,inform,lament,inhabitant,dispossess,charm,rigid,2.629,38.987,43.712,10,notched,supple,mitigate,appropriate,hole,curious,outcast,incite,timidity,sound,2.178,44.155,47.326,10,67,Chrome,na,Windows NT 6.1,1536x864,Vocabulary_Test
12/8/17 12:27,12/8/17 12:36,Survey Preview,,100,538,TRUE,12/8/17 12:36,na,,,,,na,na,preview,EN,23,Male,Right,BA/BS (16 years),66,Caucasian/White,No,,Excellent,Not at all,53,,,Yes,12 years,No,Yes,,,,,,,,,,,,40,speak,allow,forgive,sofa,recall,fall,dreadful,hearty,obvious,pretender,4.145,54.32,58.411,14,deserve,enchant,signify,uninformed,strengthen,fame,tell,large,laughter,soiled,3.247,35.797,39.124,10,waste,heading,help,humorous,inform,lament,inhabitant,dispossess,charm,involatile,4.145,41.968,47.223,10,notched,supple,mitigate,appropriate,hole,curious,outcast,placate,rashness,level,3.624,101.333,104.564,11,66,Firefox,na,Windows NT 5.1,1024x768,Vocabulary_Test
12/8/17 12:36,12/8/17 12:46,Survey Preview,,100,572,TRUE,12/8/17 12:46,na,,,,,na,na,preview,EN,24,Female,Right,HS diploma/GED (12 years),57,Hispanic,No,,Fair,Little,47,Other,yes from brain surgery,No,6 months ago,No,Yes,5,High confidence,0,0,120.008,0,"doctor, dentist, lawyer, tuba, flute, bells, wrench, daffodil, lily, dish, hammer, ",3.43,45.663,118.128,6,,,,,,,,,,,,,,,,,,,,,,,,,,,,,,,,,,,,,,,,,,,,,,,,,,,,,,,,,,61,Chrome,na,Windows NT 6.3,1366x768,Memory_Test
12/8/17 12:45,12/8/17 12:50,Survey Preview,,100,270,TRUE,12/8/17 12:50,na,,,,,na,na,preview,EN,25,Male,Right,BA/BS (16 years),59,Caucasian/White,No,,Poor,A lot,79,Other,No.,Yes,3 years ago.,No,Yes,,,,,,,,,,,,39,speak,allow,forgive,sofa,recall,fall,dreadful,hearty,obvious,pretender,0,0,23.589,0,deserve,enchant,signify,uninformed,strengthen,fame,tell,large,laughter,soiled,0,0,22.9,0,waste,heading,help,humorous,inform,lament,inhabitant,dispossess,charm,rigid,0,0,24.478,0,notched,supple,mitigate,appropriate,hole,complaining,outcast,placate,rashness,first,0,0,35.697,0,82,Chrome,na,Windows NT 6.1,1366x768,Vocabulary_Test
12/8/17 12:52,12/8/17 12:59,Survey Preview,,100,394,TRUE,12/8/17 12:59,na,,,,,na,na,preview,EN,26,Female,Right,some college (12 - 16 years),66,Caucasian/White,No,,OK,Some,81,High-blood pressure,,Yes,on year ago,No,Yes,10,Medium confidence,10.67,119.841,120.007,49,0,1.976,1.976,6.077,1,,,,,,,,,,,,,,,,,,,,,,,,,,,,,,,,,,,,,,,,,,,,,,,,,,,,,,,,,,105,Chrome,na,Windows NT 10.0,1366x768,Memory_Test
12/8/17 12:59,12/8/17 13:06,Survey Preview,,100,398,TRUE,12/8/17 13:06,na,,,,,na,na,preview,EN,27,Male,Right,HS diploma/GED (12 years),62,Caucasian/White,Yes,1,Good,Little,59,,no,Yes,6 months,No,Yes,,,,,,,,,,,,30,speak,allow,forgive,sofa,recall,fall,dreadful,hearty,obvious,pretender,2.669,31.542,42.487,10,deserve,enchant,signify,uninformed,strengthen,fame,tell,large,laughter,soiled,5.914,38.37,43.405,10,waste,heading,help,fervid,inform,lament,atom,rally,dingo,rigid,3.599,55.268,58.376,10,notched,supple,pertain,intend,lute,devout,lentil,ensue,desire,sound,2.666,35.919,39.662,12,53,Chrome,na,Macintosh,1280x800,Vocabulary_Test
12/8/17 13:01,12/8/17 13:08,Survey Preview,,100,391,TRUE,12/8/17 13:08,na,,,,,na,na,preview,EN,28,Female,Right,some college (12 - 16 years),60,Caucasian/White,No,,Fair,Not at all,38,,no,Yes,3 years ago,No,Yes,10,Low confidence,61.929,119.236,120.008,8,"wrench, lawyer, rose, tulip, doctor, soda, nail, hammer",2.193,2.193,41.675,1,,,,,,,,,,,,,,,,,,,,,,,,,,,,,,,,,,,,,,,,,,,,,,,,,,,,,,,,,,36,Chrome,na,Windows NT 10.0,1368x912,Memory_Test
12/8/17 13:10,12/8/17 13:18,Survey Preview,,100,465,TRUE,12/8/17 13:18,na,,,,,na,na,preview,EN,29,Female,Right,Some High School (less than 12 years),74,Caucasian/White,Yes,12 years.,Good,Not at all,62,,No.,No,June 2017.,No,Yes,,,,,,,,,,,,40,speak,allow,forgive,sofa,recall,fall,dreadful,hearty,obvious,pretender,3.862,46.637,53.915,10,deserve,enchant,signify,uninformed,strengthen,fame,tell,large,laughter,soiled,2.403,36.026,39.042,10,waste,heading,help,humorous,inform,eat,inhabitant,dispossess,charm,rigid,5.117,64.86,67.382,10,notched,supple,direct,revoke,hole,curious,outcast,ensue,timidity,vain,3.064,63.88,67.417,10,52,Chrome,na,Windows NT 10.0,1920x1080,Vocabulary_Test
12/8/17 13:24,12/8/17 13:29,Survey Preview,,100,299,TRUE,12/8/17 13:29,na,,,,,na,na,preview,EN,30,Female,Right,Master's (18-19 years),59,Caucasian/White,No,,Excellent,Little,60,,"No, I havent",No,4 months ago,No,Yes,10,Medium confidence,64.663,73.208,121.835,2,"doctordrumtrumpet desertglaciers tulip pliersprofessormountainwrench soda",2.931,57.005,64.272,13,,,,,,,,,,,,,,,,,,,,,,,,,,,,,,,,,,,,,,,,,,,,,,,,,,,,,,,,,,58,Chrome,na,Windows NT 10.0,1500x1000,Memory_Test
12/8/17 13:18,12/8/17 13:29,Survey Preview,,100,664,TRUE,12/8/17 13:29,na,,,,,na,na,preview,EN,31,Male,Right,some college (12 - 16 years),66,Black,Yes,4,Good,Not at all,53,,N/A,Yes,2015,No,Yes,,,,,,,,,,,,38,speak,allow,forgive,sofa,recall,fall,dreadful,hearty,obvious,pretender,2.583,55.685,73.676,21,deserve,enchant,signify,uninformed,strengthen,fame,tell,large,laughter,soiled,5.149,56.409,60.142,13,waste,heading,help,humorous,inform,lament,inhabitant,dispossess,charm,rigid,4.57,101.811,103.577,37,notched,supple,abuse,appropriate,hole,complaining,outcast,incite,desire,first,6.169,75.559,77.257,23,54,Chrome,na,Windows NT 10.0,1366x768,Vocabulary_Test
12/8/17 13:31,12/8/17 13:37,Survey Preview,,100,356,TRUE,12/8/17 13:37,na,,,,,na,na,preview,EN,32,Female,Right,some college (12 - 16 years),56,Caucasian/White,No,,Good,Not at all,50,,,No,5 years ago ,No,Yes,,,,,,,,,,,,40,speak,drive,forgive,sofa,recall,fall,dreadful,hearty,obvious,pretender,2.103,54.084,57.939,11,deserve,enchant,signify,uninformed,submerge,loyalty,tell,large,laughter,remade,3.855,42.009,43.341,10,waste,heading,help,plain,inform,lament,fish,dispossess,pond,involatile,3.409,40.735,42.28,10,blunt,supple,mitigate,intend,hole,curious,outcast,incite,desire,sound,4.184,55.516,57.059,11,16,Firefox,na,Windows NT 10.0,1920x1080,Vocabulary_Test
12/8/17 13:31,12/8/17 13:37,Survey Preview,,100,375,TRUE,12/8/17 13:37,na,,,,,na,na,preview,EN,33,Female,Right,BA/BS (16 years),56,Caucasian/White,No,,Good,Not at all,45,,,Yes,5 mos,No,Yes,7,Medium confidence,21.888,105.328,120.058,4,doctor dentist lawyer accountant  coffee tea lemonade tuba flute drum bells magnolia rose lily hammer nail wrench soda tulip glacier,0.063,1.071,97.521,2,,,,,,,,,,,,,,,,,,,,,,,,,,,,,,,,,,,,,,,,,,,,,,,,,,,,,,,,,,36,Chrome,na,Windows NT 6.1,1440x900,Memory_Test
12/8/17 13:46,12/8/17 14:00,Survey Preview,,100,845,TRUE,12/8/17 14:00,na,,,,,na,na,preview,EN,34,Male,Right,BA/BS (16 years),68,Caucasian/White,Yes,3 month,Good,Little,120,Other,no,Yes,2 years,No,Yes,,,,,,,,,,,,40,speak,allow,forgive,sofa,recall,fall,dreadful,hearty,obvious,pretender,3.396,74.956,83.725,21,deserve,enchant,signify,uninformed,strengthen,fame,tell,large,laughter,remade,4.215,68.141,79.302,21,waste,heading,help,paltry,inform,lament,inhabitant,pledge,orphan,untidy,3.634,80.113,87.274,21,notched,supple,abuse,maintain,hole,curious,outcast,placate,kindness,first,5.09,118.37,125.212,34,120,Chrome,na,Windows NT 10.0,800x600,Vocabulary_Test
12/8/17 13:57,12/8/17 14:09,Survey Preview,,100,703,TRUE,12/8/17 14:09,na,,,,,na,na,preview,EN,35,Female,Right,some college (12 - 16 years),65,Black,Yes,6 years,Good,Little,29,,,Yes,2016,No,Yes,12,High confidence,0,0,120.104,0,"doctoraccountantdentistcoffee teacoffeesodalemonadetuliprosetulip",11.618,233.698,249.136,17,,,,,,,,,,,,,,,,,,,,,,,,,,,,,,,,,,,,,,,,,,,,,,,,,,,,,,,,,,42,Edge,na,Windows NT 10.0,1366x768,Memory_Test
12/8/17 14:05,12/8/17 14:14,Survey Preview,,100,556,TRUE,12/8/17 14:14,na,,,,,na,na,preview,EN,36,Female,Right,BA/BS (16 years),65,Caucasian/White,Yes,2 years,Good,Not at all,56,,no,Yes,2015,No,Yes,,,,,,,,,,,,35,speak,allow,forgive,sofa,recall,fall,dreadful,hearty,obvious,pretender,2.2,51.278,57.786,102,deserve,enchant,signify,uninformed,strengthen,fame,tell,large,laughter,soiled,3.545,50.387,51.901,103,waste,heading,help,humorous,inform,lament,inhabitant,dispossess,charm,rigid,3.111,60.848,62.066,104,notched,supple,mitigate,intend,hole,complaining,outcast,incite,timidity,sound,3.061,90.046,90.469,100,60,Chrome,na,Windows NT 6.3,1366x768,Vocabulary_Test
12/8/17 14:20,12/8/17 14:27,Survey Preview,,100,399,TRUE,12/8/17 14:27,na,,,,,na,na,preview,EN,37,Male,Right,some college (12 - 16 years),58,Caucasian/White,No,,Excellent,Not at all,26,,no,Yes,last week,No,Yes,10,Medium confidence,0,0,120.02,0,"doctorlawyerdentistaccountantcoffeeteasodajuicelemonadenailwrenchhammertubalilyrosetrumpetdesertocean",2.616,44.431,99.104,5,,,,,,,,,,,,,,,,,,,,,,,,,,,,,,,,,,,,,,,,,,,,,,,,,,,,,,,,,,26,Edge,na,Windows NT 10.0,2048x864,Memory_Test
12/8/17 14:34,12/8/17 14:40,Survey Preview,,100,370,TRUE,12/8/17 14:40,na,,,,,na,na,preview,EN,38,Female,Right,some college (12 - 16 years),60,Caucasian/White,No,,Good,Little,39,,,Yes,5 years ago,No,Yes,,,,,,,,,,,,40,speak,allow,forgive,sofa,recall,fall,dreadful,hearty,obvious,pretender,2.847,32.079,35.713,10,deserve,enchant,signify,uninformed,strengthen,fame,tell,large,laughter,soiled,3.614,32.016,34.454,10,waste,heading,help,humorous,inform,lament,inhabitant,dispossess,charm,rigid,4.804,42.281,44.109,10,notched,supple,mitigate,appropriate,hole,complaining,outcast,placate,desire,first,2.914,59.132,61.386,10,42,Chrome,na,Windows NT 6.1,1920x1080,Vocabulary_Test
12/8/17 14:40,12/8/17 14:49,Survey Preview,,100,561,TRUE,12/8/17 14:49,na,,,,,na,na,preview,EN,39,Male,Right,Master's (18-19 years),57,Caucasian/White,No,,Good,Not at all,38,,,Yes,2014,No,Yes,,,,,,,,,,,,38,speak,allow,forgive,sofa,recall,fall,dreadful,hearty,obvious,pretender,2.773,55.369,57.341,21,deserve,enchant,signify,uninformed,strengthen,fame,tell,large,laughter,remade,1.383,53.157,54.545,21,waste,heading,help,humorous,inform,lament,inhabitant,dispossess,charm,rigid,2.464,63.172,64.578,20,notched,supple,mitigate,appropriate,hole,curious,outcast,incite,rashness,sound,2.287,69.047,69.794,21,41,Chrome,na,Windows NT 10.0,1366x768,Vocabulary_Test
12/8/17 14:47,12/8/17 14:54,Survey Preview,,100,433,TRUE,12/8/17 14:54,na,,,,,na,na,preview,EN,40,Female,Both,Master's (18-19 years),64,Caucasian/White,No,,Good,Little,37,,Minor concussion,Yes,1.5 years,No,Yes,10,Low confidence,4.653,114.308,120.016,49,"tubasodahammermagnoliadrumdoctorflute",2.229,87.089,115.188,11,,,,,,,,,,,,,,,,,,,,,,,,,,,,,,,,,,,,,,,,,,,,,,,,,,,,,,,,,,45,Chrome,na,Windows NT 6.1,1600x900,Memory_Test
12/8/17 15:13,12/8/17 15:19,Survey Preview,,100,372,TRUE,12/8/17 15:19,na,,,,,na,na,preview,EN,41,Female,Right,Some High School (less than 12 years),66,Caucasian/White,Yes,2,Fair,Some,73,"Heart disease,High-blood pressure",no,Yes,2015,No,Yes,,,,,,,,,,,,10,speak,allow,forgive,sofa,recall,fall,dreadful,hearty,obvious,pretender,2.699,25.158,31.778,10,deserve,enchant,signify,uninformed,strengthen,fame,tell,large,laughter,soiled,2.498,30.9,33.752,10,waste,heading,help,paltry,delight,dominate,inhabitant,dispossess,charm,involatile,3.314,25.345,27.799,10,blunt,supple,direct,revoke,lute,devout,priest,waken,timidity,sound,6.034,29.196,31.117,11,60,Edge,na,Windows NT 10.0,1536x864,Vocabulary_Test
12/8/17 15:20,12/8/17 15:29,Survey Preview,,100,541,TRUE,12/8/17 15:29,na,,,,,na,na,preview,EN,42,Male,Right,some college (12 - 16 years),56,Caucasian/White,No,,Good,Little,40,,no,No,2 years,No,Yes,14,Low confidence,8.1,25.194,120.006,3,doctor drum flute wrench soda hammer nail lawyer professor coffee tea mountain ocean canyon desert juice dentist accountant rose bolts lilly ,1.776,85.389,186.016,4,,,,,,,,,,,,,,,,,,,,,,,,,,,,,,,,,,,,,,,,,,,,,,,,,,,,,,,,,,50,Chrome,na,Windows NT 10.0,1600x900,Memory_Test
12/8/17 15:33,12/8/17 15:39,Survey Preview,,100,334,TRUE,12/8/17 15:39,na,,,,,na,na,preview,EN,43,Male,Right,BA/BS (16 years),55,Caucasian/White,Yes,23,Excellent,Not at all,44,,,No,2000,No,Yes,12,Medium confidence,14.369,14.369,120.158,1,trumpet tuba daffodil doctor dentist lawyer coffee tea rose hammer nail wrench accountant lemonade ,0.668,0.668,75.419,1,,,,,,,,,,,,,,,,,,,,,,,,,,,,,,,,,,,,,,,,,,,,,,,,,,,,,,,,,,44,Firefox,na,Windows NT 5.1,1246x934,Memory_Test
12/8/17 16:01,12/8/17 16:06,Survey Preview,,100,286,TRUE,12/8/17 16:06,na,,,,,na,na,preview,EN,44,Female,Right,BA/BS (16 years),55,Caucasian/White,No,,Good,Little,37,"Anxiety,Depression",Minor concussion,Yes,2 yrs,No,Yes,,,,,,,,,,,,35,speak,allow,forgive,sofa,recall,fall,dreadful,hearty,obvious,pretender,1.814,28.716,32.183,10,deserve,enchant,signify,uninformed,strengthen,fame,tell,large,laughter,soiled,1.839,27.272,29.641,10,waste,heading,help,humorous,inform,lament,inhabitant,dispossess,charm,rigid,3.706,40.712,43.3,11,notched,supple,mitigate,appropriate,hole,complaining,outcast,incite,rashness,first,4.192,51.066,54.526,11,45,Firefox,na,Windows NT 10.0,1920x1080,Vocabulary_Test
12/8/17 16:15,12/8/17 16:37,Survey Preview,,100,1347,TRUE,12/8/17 16:37,na,,,,,na,na,preview,EN,45,Female,Right,BA/BS (16 years),58,Caucasian/White,No,,OK,Little,25,Other,,Yes,5 years,No,Yes,20,Medium confidence,55.824,55.824,120.012,1,"rose, daffodil, lily, tulip, magnolia, hammer, nails, pliers, bolt, wrench, coffee, tea, juice, doctor, lawyer, dentist, professor, accountant, mountain, glacier, canyon, bells, tuba, trumpet",1.445,110.783,112.713,4,,,,,,,,,,,,,,,,,,,,,,,,,,,,,,,,,,,,,,,,,,,,,,,,,,,,,,,,,,36,Chrome,na,Windows NT 10.0,1366x768,Memory_Test
12/8/17 16:35,12/8/17 16:39,Survey Preview,,100,252,TRUE,12/8/17 16:39,na,,,,,na,na,preview,EN,46,Male,Right,BA/BS (16 years),56,Caucasian/White,No,,Good,Not at all,36,,,No,20,No,Yes,,,,,,,,,,,,35,speak,allow,forgive,sofa,recall,fall,dreadful,swift,obvious,pretender,2.215,33.854,36.576,10,deserve,enchant,signify,uninformed,strengthen,fame,tell,large,laughter,soiled,3.229,32.34,34.061,10,waste,heading,help,humorous,inform,lament,inhabitant,dispossess,charm,rigid,2.7,31.971,33.935,10,notched,supple,mitigate,appropriate,hole,curious,outcast,incite,rashness,sound,2.31,39.622,41.095,11,52,Chrome,na,Windows NT 6.1,1366x768,Vocabulary_Test
12/8/17 17:22,12/8/17 17:28,Survey Preview,,100,387,TRUE,12/8/17 17:28,na,,,,,na,na,preview,EN,47,Female,Right,some college (12 - 16 years),60,Caucasian/White,No,,Good,Little,50,High-blood pressure,no,Yes,12 months,No,Yes,15,Medium confidence,41.484,107.849,120.009,6,doctor daffodil hammer tuba wrench pliers dessert magnolia canyon flute coffee lawyer lily accountant mountain rose dentist cean tea bells tulip lemonade nail soda juice,3.846,64.023,64.695,5,,,,,,,,,,,,,,,,,,,,,,,,,,,,,,,,,,,,,,,,,,,,,,,,,,,,,,,,,,79,Chrome,na,Windows NT 10.0,1280x720,Memory_Test
12/8/17 17:34,12/8/17 17:40,Survey Preview,,100,384,TRUE,12/8/17 17:40,na,,,,,na,na,preview,EN,48,Female,Right,some college (12 - 16 years),55,Caucasian/White,No,,Excellent,Not at all,46,,no,No,year ago,No,Yes,,,,,,,,,,,,20,speak,allow,forgive,sofa,recall,fall,dreadful,leafy,obvious,pretender,2.195,30.217,38.66,10,deserve,enchant,signify,uninformed,strengthen,loyalty,tell,large,malice,stolen,3.867,33.3,35.46,10,belittle,heading,turn,humorous,inform,dominate,inhabitant,intrude,charm,rigid,6.395,39.048,42.488,10,dried,loose,pertain,revoke,hole,curious,priest,incite,desire,sound,7.66,23.248,25.087,10,41,Chrome,na,Windows NT 10.0,1920x1080,Vocabulary_Test
12/8/17 18:07,12/8/17 18:09,Survey Preview,,100,152,TRUE,12/8/17 18:09,na,,,,,na,na,preview,EN,49,Female,Both,Master's (18-19 years),64,Caucasian/White,No,,Good,Little,37,,Minor concussion,Yes,1.5 years,No,Yes,10,Low confidence,2.694,114.372,120.007,18,"tubasodahammermagnoliadrumdoctorflute",0,0,1.486,0,,,,,,,,,,,,,,,,,,,,,,,,,,,,,,,,,,,,,,,,,,,,,,,,,,,,,,,,,,45,Chrome,na,Windows NT 10.0,2560x1080,Memory_Test
12/9/17 3:38,12/9/17 3:44,Survey Preview,,100,348,TRUE,12/9/17 3:44,na,,,,,na,na,preview,EN,50,Male,Right,BA/BS (16 years),60,Caucasian/White,No,,Good,Little,83,"High-blood pressure,Depression",,Yes,Last month,No,Yes,,,,,,,,,,,,30,speak,allow,forgive,sofa,recall,fall,dreadful,hearty,obvious,pretender,3.509,79.437,85.094,10,deserve,enchant,signify,uninformed,strengthen,fame,tell,large,laughter,soiled,4.147,31.387,33.237,11,tease,heading,help,humorous,delight,lament,inhabitant,dispossess,charm,involatile,6.315,40.603,40.973,11,blunt,loose,pertain,intend,hole,maniacal,outcast,waken,desire,vain,9.741,45.339,47.469,10,19,Chrome,na,Windows NT 10.0,1366x768,Vocabulary_Test
12/10/17 17:17,12/10/17 17:24,Survey Preview,,100,408,TRUE,12/10/17 17:24,na,,,,,na,na,preview,EN,51,Female,Right,BA/BS (16 years),56,Caucasian/White,No,,Good,Some,55,,no,No,10 years ago,No,Yes,16,Low confidence,0,0,120.011,0,coffee tea soda lemonade wrench pliers nails bolts hammer lawyer professor accountant dentist tuba flute drum bells rose daffodil magnolia mountain valley ,2.659,2.659,114.837,1,,,,,,,,,,,,,,,,,,,,,,,,,,,,,,,,,,,,,,,,,,,,,,,,,,,,,,,,,,52,Firefox,na,Windows NT 6.1,1138x640,Memory_Test
12/10/17 17:21,12/10/17 17:29,Survey Preview,,100,472,TRUE,12/10/17 17:29,na,,,,,na,na,preview,EN,52,Female,Right,some college (12 - 16 years),59,"Caucasian/White,Hispanic",Semi-retired,1 YEAR,OK,Some,54,Anxiety,NO,Yes,NOVEMBER,No,Yes,6,Very high confidence,0,0,120.006,0,"MAGNOLIAROSELEMONADENAILCANYONGLACIERLILYDAFFODILCOFFETEA",1.758,1.758,182.094,1,,,,,,,,,,,,,,,,,,,,,,,,,,,,,,,,,,,,,,,,,,,,,,,,,,,,,,,,,,102,Safari,na,Macintosh,1920x1080,Memory_Test
12/10/17 18:04,12/10/17 18:12,Survey Preview,,100,468,TRUE,12/10/17 18:12,na,,,,,na,na,preview,EN,53,Male,Both,BA/BS (16 years),62,Caucasian/White,Yes,3 years,Good,Little,48,"Anxiety,Depression",,No,1 year ago,No,Yes,,,,,,,,,,,,35,speak,allow,forgive,sofa,recall,fall,dreadful,hearty,obvious,pretender,1.884,25.711,28.99,10,deserve,enchant,signify,uninformed,strengthen,fame,tell,large,laughter,remade,6.751,42.422,45.154,11,waste,heading,help,fervid,inform,lament,inhabitant,dispossess,charm,rigid,0.797,49.828,50.842,37,notched,supple,mitigate,appropriate,hole,curious,outcast,incite,rashness,vain,3.958,41.928,43.72,10,76,Chrome,na,Windows NT 10.0,1280x800,Vocabulary_Test
12/10/17 18:04,12/10/17 18:12,Survey Preview,,100,458,TRUE,12/10/17 18:12,na,,,,,na,na,preview,EN,54,Female,Right,some college (12 - 16 years),61,Caucasian/White,Yes,3,OK,Some,52,"Anxiety,Depression",NO,Yes,3,No,Yes,,,,,,,,,,,,40,speak,allow,forgive,sofa,recall,fall,dreadful,hearty,obvious,pretender,2.688,37.93,54.308,10,deserve,enchant,signify,uninformed,strengthen,fame,tell,large,laughter,soiled,3.733,34.647,40.054,10,waste,heading,help,plain,inform,lament,inhabitant,dispossess,charm,untidy,3.223,53.924,56.962,10,notched,supple,mitigate,revoke,hole,curious,outcast,incite,desire,level,2.767,73.754,78.45,10,59,Chrome,na,Windows NT 6.3,1920x1080,Vocabulary_Test
12/10/17 19:15,12/10/17 19:27,Survey Preview,,100,758,TRUE,12/10/17 19:27,na,,,,,na,na,preview,EN,55,Female,Left,HS diploma/GED (12 years),61,Black,Semi-retired,2 MONTHS,Good,Not at all,38,,no,No,unknown,No,Yes,10,Medium confidence,25.768,112.995,120.005,23,"coffee, tea, hammer, bolts, rose, magnolia, lily, tulip, drum, flute, tuba, trumpet, ocean, canyon, desert, doctor, lawyer, accountant",2.58,2.58,211.933,1,,,,,,,,,,,,,,,,,,,,,,,,,,,,,,,,,,,,,,,,,,,,,,,,,,,,,,,,,,21,Chrome,na,Windows NT 10.0,1440x900,Memory_Test
12/10/17 19:20,12/10/17 19:29,Survey Preview,,100,503,TRUE,12/10/17 19:29,na,,,,,na,na,preview,EN,56,Female,Right,some college (12 - 16 years),61,Black,Yes,6 years,Fair,Little,62,,No,Yes,2013,No,Yes,15,Medium confidence,84.605,118.068,120.033,3,doctor daffodil rose dentist accountant trumpet drum flute bells magnolia juice coffee tea lemonade mountain desert glacier canyon ocean professor tuba piano,1.313,134.964,136.858,5,,,,,,,,,,,,,,,,,,,,,,,,,,,,,,,,,,,,,,,,,,,,,,,,,,,,,,,,,,59,Firefox,na,Windows NT 6.1,1366x768,Memory_Test
12/10/17 21:54,12/10/17 22:02,Survey Preview,,100,422,TRUE,12/10/17 22:02,na,,,,,na,na,preview,EN,57,Female,Right,Master's (18-19 years),55,Caucasian/White,No,,Good,Some,70,,no,Yes,1 year,No,Yes,,,,,,,,,,,,25,speak,allow,forgive,sofa,recall,fall,dreadful,hearty,obvious,pretender,2.586,36.993,48.046,10,deserve,enchant,signify,uninformed,strengthen,fame,tell,large,laughter,soiled,3.845,39.882,43.378,10,waste,heading,help,plain,inform,lament,senator,dispossess,charm,sparse,3.2,58.316,61.181,11,notched,moldy,abuse,appropriate,hole,complaining,outcast,placate,timidity,first,3.085,73.638,76.886,10,57,Firefox,na,Macintosh,1440x900,Vocabulary_Test
12/11/17 0:20,12/11/17 0:28,Survey Preview,,100,474,TRUE,12/11/17 0:28,na,,,,,na,na,preview,EN,58,Male,Right,BA/BS (16 years),61,Caucasian/White,No,N/A,Fair,Little,54,"High-blood pressure,Anxiety,Depression,Other",N/A,Yes,"July, 2017",No,Yes,12,Medium confidence,0,0,120.038,0,"boltspliersoceanrosetulipslilybellprofessorlawyeraccountantlemonadeteadessertsugarcanyon",1.645,123.796,134.698,4,,,,,,,,,,,,,,,,,,,,,,,,,,,,,,,,,,,,,,,,,,,,,,,,,,,,,,,,,,61,MSIE,na,Windows NT 6.1,1347x1078,Memory_Test